antecedents,consequents,antecedent support,consequent support,support,confidence,lift,representativity,leverage,conviction,zhangs_metric,jaccard,certainty,kulczynski
"winter, casual",fall,0.05143085851510906,0.13087852711626977,0.044026415849509705,0.8560311284046693,6.540653744095004,1.0,0.03729522083872697,6.036870771111318,0.8930398925968546,0.3183791606367583,0.8343512660921327,0.5962112828567689
fall,"winter, casual",0.13087852711626977,0.05143085851510906,0.044026415849509705,0.3363914373088685,6.540653744095004,1.0,0.03729522083872697,1.4294106417767711,0.9746739790258094,0.3183791606367583,0.3004109730448135,0.5962112828567689
winter,fall,0.08244946968180908,0.13087852711626977,0.06704022413448069,0.8131067961165049,6.21268296665776,1.0,0.056249358981007976,4.65036424452074,0.9144335031494654,0.4582763337893297,0.7849630808644198,0.6626696060093228
fall,winter,0.13087852711626977,0.08244946968180908,0.06704022413448069,0.5122324159021406,6.212682966657759,1.0,0.056249358981007976,1.8811224038498333,0.9653874307944506,0.4582763337893297,0.46840248250010835,0.6626696060093228
"fall, casual",winter,0.09865919551731038,0.08244946968180908,0.044026415849509705,0.4462474645030426,5.4123751944701555,1.0,0.03589201749987355,1.6569685400984178,0.9044727918617795,0.3211678832116789,0.39648823993930293,0.4901140235136572
winter,"fall, casual",0.08244946968180908,0.09865919551731038,0.044026415849509705,0.5339805825242718,5.4123751944701555,1.0,0.03589201749987355,1.934127142952438,0.8884941013185289,0.3211678832116789,0.48297090827570743,0.4901140235136572
"cotton, regular","button, casual",0.08445067040224134,0.16850110066039622,0.04742845707424455,0.561611374407583,3.3329834179509414,1.0,0.033198426159958536,1.8967164082233128,0.7645339051439902,0.23076923076923078,0.4727730536497454,0.4215420292465469
"button, casual","cotton, regular",0.16850110066039622,0.08445067040224134,0.04742845707424455,0.28147268408551074,3.332983417950941,1.0,0.033198426159958536,1.2742025380517568,0.841815310718112,0.23076923076923078,0.2151954103552562,0.4215420292465469
button,"fall, regular",0.20812487492495496,0.05903542125275165,0.04062437462477486,0.1951923076923077,3.306359191655802,1.0,0.028337634960403896,1.1691794048950277,0.8808870231839565,0.1793286219081272,0.14469926872362004,0.4416639504563233
"fall, regular",button,0.05903542125275165,0.20812487492495496,0.04062437462477486,0.6881355932203389,3.3063591916558015,1.0,0.028337634960403896,2.5391648032297636,0.7413164506037678,0.1793286219081272,0.6061697142587903,0.4416639504563233
cotton,"button, regular, casual",0.1350810486291775,0.11386832099259556,0.04742845707424455,0.35111111111111115,3.0834836945909005,1.0,0.03204700486892095,1.365613888881274,0.7812194307604895,0.23535253227408143,0.2677285958044766,0.38381566100371023
"button, regular, casual",cotton,0.11386832099259556,0.1350810486291775,0.04742845707424455,0.4165202108963093,3.0834836945909005,1.0,0.03204700486892095,1.4823460341265,0.7625181526076864,0.23535253227408143,0.3253936820566538,0.38381566100371023
"button, all-season, casual",cotton,0.10926555933560136,0.1350810486291775,0.04382629577746648,0.4010989010989011,2.9693203093203095,1.0,0.029066589443359832,1.4441765977017404,0.7445794849856735,0.21856287425149704,0.30756390763332,0.36277167277167277
cotton,"button, all-season, casual",0.1350810486291775,0.10926555933560136,0.04382629577746648,0.3244444444444445,2.9693203093203095,1.0,0.029066589443359832,1.318521375983485,0.7668031669762222,0.21856287425149704,0.24157467735090743,0.36277167277167277
cotton,"button, casual",0.1350810486291775,0.16850110066039622,0.06603962377426456,0.48888888888888893,2.9013987859593566,1.0,0.043278318401887644,1.626845672620964,0.7576879390854402,0.27801179443976415,0.38531354459152295,0.4404064396938506
"button, casual",cotton,0.16850110066039622,0.1350810486291775,0.06603962377426456,0.3919239904988124,2.9013987859593566,1.0,0.043278318401887644,1.422386244246548,0.7881413412099333,0.27801179443976415,0.29695608063918677,0.4404064396938506
"cotton, casual","button, regular",0.12307384430658395,0.13327996798078848,0.04742845707424455,0.3853658536585366,2.891401157254816,1.0,0.031025179045790493,1.4101397346344315,0.745954393404549,0.22701149425287356,0.29085042039522224,0.37061085475719624
"button, regular","cotton, casual",0.13327996798078848,0.12307384430658395,0.04742845707424455,0.35585585585585583,2.8914011572548155,1.0,0.031025179045790493,1.361381864083485,0.7547384326711462,0.22701149425287356,0.26545223909441157,0.37061085475719624
button,"cotton, regular, casual",0.20812487492495496,0.08004802881729037,0.04742845707424455,0.2278846153846154,2.8468485576923084,1.0,0.0307684710886568,1.191469551718578,0.8192382457408705,0.1970074812967581,0.16070033131975706,0.41019230769230774
"cotton, regular, casual",button,0.08004802881729037,0.20812487492495496,0.04742845707424455,0.5925,2.846848557692308,1.0,0.0307684710886568,1.9432518406749575,0.7051828884917609,0.1970074812967581,0.48539866060146575,0.41019230769230774
"cotton, button","regular, casual",0.07064238543125875,0.24134480688413049,0.04742845707424455,0.6713881019830029,2.781862641466887,1.0,0.03037928420450309,2.308666234223293,0.6892165200231142,0.17927382753403934,0.5668494712764615,0.4339527574591632
"regular, casual","cotton, button",0.24134480688413049,0.07064238543125875,0.04742845707424455,0.19651741293532338,2.7818626414668866,1.0,0.03037928420450309,1.1566617989369472,0.8442947821121979,0.17927382753403934,0.13544304746722888,0.4339527574591632
button,"cotton, regular",0.20812487492495496,0.08445067040224134,0.04822893736241745,0.23173076923076924,2.7439778527160046,1.0,0.030652652147622375,1.191703758174805,0.8026083300039742,0.19737919737919737,0.16086527952921395,0.4014104083120671
"cotton, regular",button,0.08445067040224134,0.20812487492495496,0.04822893736241745,0.5710900473933649,2.743977852716004,1.0,0.030652652147622375,1.846250291611431,0.6941904178854046,0.19737919737919737,0.45836162922027907,0.4014104083120671
"button, regular",cotton,0.13327996798078848,0.1350810486291775,0.04822893736241745,0.36186186186186187,2.6788499610721836,1.0,0.03022533952630934,1.3553788743834536,0.7230771883871079,0.2190909090909091,0.262198918029552,0.35944944944944945
cotton,"button, regular",0.1350810486291775,0.13327996798078848,0.04822893736241745,0.35703703703703704,2.678849961072183,1.0,0.03022533952630934,1.3480092663893268,0.7245829021065627,0.2190909090909091,0.25816533689080445,0.35944944944944945
laces,"rubber, all-season",0.09165499299579748,0.239143486091655,0.057034220532319393,0.6222707423580787,2.6020810875006855,1.0,0.03511552598959816,2.0142906553180464,0.6778175886952456,0.20833333333333334,0.5035473170866173,0.43038223310372553
"rubber, all-season",laces,0.239143486091655,0.09165499299579748,0.057034220532319393,0.23849372384937237,2.602081087500685,1.0,0.03511552598959816,1.1928266850220022,0.8092093727216516,0.20833333333333334,0.16165524081853136,0.43038223310372553
button,"cotton, casual",0.20812487492495496,0.12307384430658395,0.06603962377426456,0.31730769230769235,2.578189493433396,1.0,0.04042489532142339,1.2845115520016235,0.7730144508006523,0.24905660377358493,0.22149396131025526,0.42694652908067543
"cotton, casual",button,0.12307384430658395,0.20812487492495496,0.06603962377426456,0.5365853658536586,2.578189493433396,1.0,0.04042489532142339,1.7087831646356237,0.69804157503838,0.24905660377358493,0.41478824189303304,0.42694652908067543
"button, casual","cotton, all-season",0.16850110066039622,0.10106063638182909,0.04382629577746648,0.2600950118764846,2.573653018508502,1.0,0.026797467313688195,1.214938915195024,0.735355433570161,0.1941489361702128,0.1769133513683868,0.3468791891065591
"cotton, all-season","button, casual",0.10106063638182909,0.16850110066039622,0.04382629577746648,0.4336633663366337,2.573653018508502,1.0,0.026797467313688195,1.4682060984842655,0.6801874057177245,0.1941489361702128,0.3188967127759708,0.3468791891065591
"button, all-season","cotton, casual",0.13988393035821492,0.12307384430658395,0.04382629577746648,0.313304721030043,2.545664538190447,1.0,0.026610242711566506,1.2770237142285372,0.7059224742951484,0.20000000000000004,0.21692918552878246,0.33470114100282633
"cotton, casual","button, all-season",0.12307384430658395,0.13988393035821492,0.04382629577746648,0.35609756097560974,2.5456645381904464,1.0,0.026610242711566506,1.3357863202770148,0.6923904140850179,0.20000000000000004,0.25137727133436993,0.33470114100282633
"button, all-season",cotton,0.13988393035821492,0.1350810486291775,0.047828697218330996,0.3419170243204578,2.531199067450856,1.0,0.028933029219172488,1.3143007543656628,0.7033124290562313,0.2105726872246696,0.23913914172358341,0.34799554919726594
cotton,"button, all-season",0.1350810486291775,0.13988393035821492,0.047828697218330996,0.3540740740740741,2.531199067450856,1.0,0.028933029219172488,1.331601713321571,0.6994069458777608,0.2105726872246696,0.24902469710287303,0.34799554919726594
"all-season, regular, casual",cotton,0.1713027816690014,0.1350810486291775,0.05823494096457875,0.3399532710280374,2.516661474558671,1.0,0.035095181583635,1.3103904820768568,0.7272236149941371,0.23467741935483874,0.23686869396740004,0.38553219106957426
cotton,"all-season, regular, casual",0.1350810486291775,0.1713027816690014,0.05823494096457875,0.43111111111111117,2.516661474558671,1.0,0.035095181583635,1.4566943290974588,0.6967683918766131,0.23467741935483874,0.31351418068636133,0.38553219106957426
button,"fall, casual",0.20812487492495496,0.09865919551731038,0.05163097858715229,0.2480769230769231,2.5144835387736,1.0,0.031097545859915393,1.198714113378513,0.7606047961320631,0.20235294117647062,0.16577273193059167,0.38570174754251835
"fall, casual",button,0.09865919551731038,0.20812487492495496,0.05163097858715229,0.5233265720081136,2.5144835387735998,1.0,0.031097545859915393,1.6612529219659458,0.6682311674721523,0.20235294117647062,0.3980447006127227,0.38570174754251835
cotton,button,0.1350810486291775,0.20812487492495496,0.07064238543125875,0.522962962962963,2.5127364672364676,1.0,0.04252865908057943,1.6599866752349548,0.6960507738915332,0.2591776798825257,0.39758552588474244,0.43119301994301995
button,cotton,0.20812487492495496,0.1350810486291775,0.07064238543125875,0.33942307692307694,2.5127364672364676,1.0,0.04252865908057943,1.3093387327884358,0.7602556089864055,0.2591776798825257,0.23625569536895313,0.43119301994301995
rubber,laces,0.2947768661196718,0.09165499299579748,0.06684010406243747,0.2267481330617787,2.473931050021197,1.0,0.03982233246291582,1.174707809760483,0.8448177424945796,0.20914214151534127,0.14872448136367222,0.47800288749158804
laces,rubber,0.09165499299579748,0.2947768661196718,0.06684010406243747,0.7292576419213974,2.473931050021197,1.0,0.03982233246291582,2.604775768687019,0.6559016797864945,0.20914214151534127,0.6160897947449554,0.47800288749158804
regular,"cotton, button, casual",0.29057434460676407,0.06603962377426456,0.04742845707424455,0.16322314049586778,2.471594039569246,1.0,0.02823903667796035,1.1161403014648295,0.8392744282373106,0.15339805825242717,0.1040552888489075,0.440702479338843
"cotton, button, casual",regular,0.06603962377426456,0.29057434460676407,0.04742845707424455,0.7181818181818181,2.471594039569246,1.0,0.02823903667796035,2.5173168417179332,0.6375032886439396,0.15339805825242717,0.6027516348249775,0.440702479338843
"regular, casual",cotton,0.24134480688413049,0.1350810486291775,0.08004802881729037,0.33167495854063017,2.4553774338185614,1.0,0.047446919222175685,1.294159125748402,0.7812912160379848,0.27008777852802157,0.2272974937129868,0.4621337755666114
cotton,"regular, casual",0.1350810486291775,0.24134480688413049,0.08004802881729037,0.5925925925925926,2.4553774338185614,1.0,0.047446919222175685,1.8621536558298613,0.6853019435446551,0.27008777852802157,0.46298738728176864,0.4621337755666114
leather,"formal, all-season",0.13928357014208526,0.15089053432059235,0.05143085851510906,0.36925287356321834,2.447157306625202,1.0,0.030414286194290114,1.3461963282753249,0.6870585702175858,0.21542330259849118,0.25716629959825643,0.35505083996463305
"formal, all-season",leather,0.15089053432059235,0.13928357014208526,0.05143085851510906,0.34084880636604775,2.447157306625202,1.0,0.030414286194290114,1.3057951471083857,0.6964503677836051,0.21542330259849118,0.23418309356222752,0.35505083996463305
rubber,"laces, all-season",0.2947768661196718,0.07924754852911747,0.057034220532319393,0.19348268839103872,2.4414974593182333,1.0,0.03367387652923954,1.141640034525766,0.8372035366509349,0.17992424242424243,0.12406715798522505,0.45658982904400425
"laces, all-season",rubber,0.07924754852911747,0.2947768661196718,0.057034220532319393,0.7196969696969697,2.4414974593182333,1.0,0.03367387652923954,2.5159311803298197,0.6412313112710052,0.17992424242424243,0.6025328483472638,0.45658982904400425
"regular, casual","cotton, all-season",0.24134480688413049,0.10106063638182909,0.05823494096457875,0.24129353233830847,2.3876114477119357,1.0,0.033844481193418874,1.1848315546705075,0.7660547090640611,0.20492957746478876,0.15599817032380395,0.4087655780503424
"cotton, all-season","regular, casual",0.10106063638182909,0.24134480688413049,0.05823494096457875,0.5762376237623763,2.3876114477119357,1.0,0.033844481193418874,1.7902844510444587,0.6465078811357649,0.20492957746478876,0.4414295452230531,0.4087655780503424
regular,"button, fall",0.29057434460676407,0.058635181108665196,0.04062437462477486,0.13980716253443526,2.3843562839063925,1.0,0.023586495303225558,1.0943648655165878,0.8184079429155059,0.13164721141374836,0.08622797431644834,0.41631996351977735
"button, fall",regular,0.058635181108665196,0.29057434460676407,0.04062437462477486,0.6928327645051194,2.3843562839063925,1.0,0.023586495303225558,2.30957463366909,0.6167636389531181,0.13164721141374836,0.5670198375830978,0.41631996351977735
"cotton, button",regular,0.07064238543125875,0.29057434460676407,0.04822893736241745,0.6827195467422097,2.349552048946847,1.0,0.02770207251427102,2.2359576460161814,0.618047290753071,0.1540920716112532,0.5527643371144773,0.4243487540873583
regular,"cotton, button",0.29057434460676407,0.07064238543125875,0.04822893736241745,0.16597796143250687,2.3495520489468467,1.0,0.02770207251427102,1.1143082215968723,0.809650668055645,0.1540920716112532,0.10258222938807857,0.4243487540873583
fall,"button, casual",0.13087852711626977,0.16850110066039622,0.05163097858715229,0.3944954128440367,2.341203774325002,1.0,0.029577802715249325,1.3732330307275276,0.6591360596308415,0.20840064620355414,0.2717914748451628,0.35045435725337226
"button, casual",fall,0.16850110066039622,0.13087852711626977,0.05163097858715229,0.30641330166270786,2.3412037743250016,1.0,0.029577802715249325,1.2530826715207206,0.688959785072622,0.20840064620355414,0.2019680562764336,0.35045435725337226
fall,"button, regular",0.13087852711626977,0.13327996798078848,0.04062437462477486,0.3103975535168195,2.328913776161482,1.0,0.02318088872134567,1.2568401351232024,0.6565426046556998,0.18173679498657114,0.20435386167710623,0.30760117916081214
"button, regular",fall,0.13327996798078848,0.13087852711626977,0.04062437462477486,0.30480480480480476,2.328913776161482,1.0,0.02318088872134567,1.25018337136191,0.6583617021518596,0.18173679498657114,0.2001173404581187,0.30760117916081214
regular,"button, casual",0.29057434460676407,0.16850110066039622,0.11386832099259556,0.3918732782369146,2.325642246258744,1.0,0.06490622410268254,1.3673118933647843,0.8034827140877644,0.32985507246376816,0.2686379714440102,0.5338226248666759
"button, casual",regular,0.16850110066039622,0.29057434460676407,0.11386832099259556,0.6757719714964371,2.325642246258744,1.0,0.06490622410268254,2.1880454279893944,0.6855225563035199,0.32985507246376816,0.5429710977623967,0.5338226248666759
button,"cotton, all-season, casual",0.20812487492495496,0.09165499299579748,0.04382629577746648,0.2105769230769231,2.2974953812562986,1.0,0.024750611823968507,1.1506441014425952,0.71317231009609,0.17122752150117282,0.1309215432067382,0.34437143097077594
"cotton, all-season, casual",button,0.09165499299579748,0.20812487492495496,0.04382629577746648,0.4781659388646288,2.2974953812562986,1.0,0.024750611823968507,1.5174845493069904,0.6217278764155603,0.17122752150117282,0.34101470722935306,0.34437143097077594
"leather, all-season",formal,0.12247348409045428,0.18391034620772465,0.05143085851510906,0.41993464052287577,2.2833660486320024,1.0,0.02890671765476736,1.406892586255979,0.6404935467125724,0.2017268445839874,0.28921368285748167,0.3497932179763454
formal,"leather, all-season",0.18391034620772465,0.12247348409045428,0.05143085851510906,0.279651795429815,2.2833660486320024,1.0,0.02890671765476736,1.2181976859831911,0.6887111825244311,0.2017268445839874,0.17911517029938095,0.3497932179763454
"button, all-season, casual",regular,0.10926555933560136,0.29057434460676407,0.07244346607964779,0.663003663003663,2.2817006226097134,1.0,0.040693697787613926,2.1051435208951452,0.6306373513432326,0.22127139364303175,0.5249730053679278,0.4561574788847516
regular,"button, all-season, casual",0.29057434460676407,0.10926555933560136,0.07244346607964779,0.2493112947658402,2.2817006226097134,1.0,0.040693697787613926,1.1865563374722081,0.7918101130687529,0.22127139364303175,0.15722501459108146,0.4561574788847516
"cotton, all-season",button,0.10106063638182909,0.20812487492495496,0.047828697218330996,0.47326732673267324,2.2739584920030467,1.0,0.026795464911526463,1.5033719479808185,0.6232213847397697,0.18300153139356815,0.3348286155378236,0.35153750952018276
button,"cotton, all-season",0.20812487492495496,0.10106063638182909,0.047828697218330996,0.2298076923076923,2.2739584920030467,1.0,0.026795464911526463,1.1671622199287113,0.7074830579355689,0.18300153139356815,0.14322106822385094,0.35153750952018276
"all-season, regular","cotton, casual",0.20852511506904142,0.12307384430658395,0.05823494096457875,0.2792706333973129,2.2691306586770286,1.0,0.03257095341855904,1.2167204450499862,0.7066586729573684,0.21303074670571012,0.17811852010186502,0.376220682552315
"cotton, casual","all-season, regular",0.12307384430658395,0.20852511506904142,0.05823494096457875,0.47317073170731705,2.269130658677028,1.0,0.03257095341855904,1.5023365871374674,0.6377989620142382,0.21303074670571012,0.33437020135055967,0.376220682552315
button,"regular, casual",0.20812487492495496,0.24134480688413049,0.11386832099259556,0.5471153846153847,2.266944922821789,1.0,0.0636384632460485,1.6751622098524508,0.705764916614591,0.33929636255217654,0.4030428849704767,0.5094615065697156
"regular, casual",button,0.24134480688413049,0.20812487492495496,0.11386832099259556,0.4718076285240464,2.2669449228217884,1.0,0.0636384632460485,1.499217269765313,0.736668893443402,0.33929636255217654,0.3329852716034015,0.5094615065697156
leather,formal,0.13928357014208526,0.18391034620772465,0.05763458074844907,0.41379310344827586,2.249971858466849,1.0,0.03201889114257027,1.3921529388221168,0.6454506703867317,0.21703089675960816,0.28168811621653617,0.3635886083073806
formal,leather,0.18391034620772465,0.13928357014208526,0.05763458074844907,0.3133841131664853,2.249971858466849,1.0,0.03201889114257027,1.253563231441242,0.680746280856629,0.21703089675960816,0.20227398593185933,0.3635886083073806
"rubber, all-season",leather,0.239143486091655,0.13928357014208526,0.0748449069441665,0.3129707112970711,2.2470037993555523,1.0,0.041536148425096675,1.252808932619011,0.7293923547133931,0.24653922214897822,0.20179368620122395,0.42516351656807577
leather,"rubber, all-season",0.13928357014208526,0.239143486091655,0.0748449069441665,0.5373563218390804,2.2470037993555523,1.0,0.041536148425096675,1.6445842660876027,0.6447685962846595,0.24653922214897822,0.3919435929063348,0.42516351656807577
"cotton, casual",regular,0.12307384430658395,0.29057434460676407,0.08004802881729037,0.6504065040650405,2.2383480033147434,1.0,0.044285927169669816,2.029287339845767,0.630887722501141,0.23995200959808036,0.5072161638400585,0.4629442988644762
regular,"cotton, casual",0.29057434460676407,0.12307384430658395,0.08004802881729037,0.2754820936639118,2.2383480033147434,1.0,0.044285927169669816,1.2103581540559314,0.7798448519040903,0.23995200959808036,0.1737982706614713,0.4629442988644762
button,regular,0.20812487492495496,0.29057434460676407,0.13327996798078848,0.6403846153846154,2.2038580737444375,1.0,0.07280421885310495,1.9727344428047204,0.6898187042235564,0.3647316538882804,0.49308940002169915,0.5495311506675143
regular,button,0.29057434460676407,0.20812487492495496,0.13327996798078848,0.45867768595041325,2.2038580737444375,1.0,0.07280421885310495,1.4628532844897781,0.769989453487338,0.3647316538882804,0.3164044469785734,0.5495311506675143
"cotton, all-season, casual",regular,0.09165499299579748,0.29057434460676407,0.05823494096457875,0.6353711790393013,2.1866045328232704,1.0,0.03160235144488735,1.9456104800604912,0.5974271093819203,0.17974058060531192,0.48602250540462305,0.41789220108989855
regular,"cotton, all-season, casual",0.29057434460676407,0.09165499299579748,0.05823494096457875,0.20041322314049587,2.1866045328232704,1.0,0.03160235144488735,1.1360180449354884,0.7649426373722248,0.17974058060531192,0.11973229258274022,0.41789220108989855
cotton,"all-season, regular",0.1350810486291775,0.20852511506904142,0.06123674204522714,0.45333333333333337,2.173998720409469,1.0,0.033068950836181124,1.4478199114590706,0.624356915371424,0.21686746987951805,0.309306363253266,0.3734996801023672
"all-season, regular",cotton,0.20852511506904142,0.1350810486291775,0.06123674204522714,0.29366602687140114,2.173998720409469,1.0,0.033068950836181124,1.2245184066961916,0.6822934483527927,0.21686746987951805,0.1833524146868097,0.3734996801023672
fall,button,0.13087852711626977,0.20812487492495496,0.058635181108665196,0.4480122324159021,2.1526126205598684,1.0,0.031396104022229226,1.434588176728752,0.6160798554655053,0.2091363311920057,0.3029358416432304,0.36487150082333564
button,fall,0.20812487492495496,0.13087852711626977,0.058635181108665196,0.28173076923076923,2.1526126205598684,1.0,0.031396104022229226,1.2100218631848452,0.6761776124050264,0.2091363311920057,0.17356865158787793,0.36487150082333564
regular,cotton,0.29057434460676407,0.1350810486291775,0.08445067040224134,0.290633608815427,2.1515498418528725,1.0,0.045199583228023664,1.2192838032916837,0.7544395350236299,0.2475073313782991,0.17984640056702653,0.4579093970003061
cotton,regular,0.1350810486291775,0.29057434460676407,0.08445067040224134,0.6251851851851852,2.151549841852872,1.0,0.045199583228023664,1.8927364323732578,0.6188079943680628,0.2475073313782991,0.471664420414773,0.4579093970003061
"button, all-season","regular, casual",0.13988393035821492,0.24134480688413049,0.07244346607964779,0.5178826895565093,2.1458207294476592,1.0,0.03868320592115125,1.5735904450682279,0.6208206823680036,0.23460790667530784,0.36451063036504266,0.4090242635178898
"regular, casual","button, all-season",0.24134480688413049,0.13988393035821492,0.07244346607964779,0.3001658374792703,2.1458207294476592,1.0,0.03868320592115125,1.2290284123080484,0.7038478746551516,0.23460790667530784,0.18634916004744384,0.4090242635178898
athletic,rubber,0.0640384230538323,0.2947768661196718,0.04042425455273164,0.63125,2.14145027155465,1.0,0.02154720889367721,1.9124695156076696,0.5694963980041367,0.12696417347580138,0.47711584846765037,0.38419254921928037
rubber,athletic,0.2947768661196718,0.0640384230538323,0.04042425455273164,0.13713509843856075,2.14145027155465,1.0,0.02154720889367721,1.0847139282782887,0.7558270866814264,0.12696417347580138,0.07809794460070305,0.38419254921928037
regular,"button, all-season",0.29057434460676407,0.13988393035821492,0.08665199119471682,0.29820936639118456,2.131834340281473,1.0,0.0460053098098603,1.2256020933462923,0.7483806030677824,0.25203725261932475,0.18407450066466943,0.45883286631433334
"button, all-season",regular,0.13988393035821492,0.29057434460676407,0.08665199119471682,0.6194563662374821,2.1318343402814723,1.0,0.0460053098098603,1.8642426057138042,0.6172659929909932,0.25203725261932475,0.463589128938984,0.45883286631433334
"cotton, all-season",regular,0.10106063638182909,0.29057434460676407,0.06123674204522714,0.605940594059406,2.0853203502168403,1.0,0.03187111386303465,1.800301286299418,0.5789682747542472,0.1853422168382798,0.4445374184809174,0.4083421978561493
regular,"cotton, all-season",0.29057434460676407,0.10106063638182909,0.06123674204522714,0.21074380165289255,2.08532035021684,1.0,0.03187111386303465,1.138970293170667,0.7336320141596836,0.1853422168382798,0.12201397525812646,0.4083421978561493
rubber,leather,0.2947768661196718,0.13928357014208526,0.08525115069041425,0.2892057026476579,2.076380597888429,1.0,0.04419357638197087,1.2109219686539718,0.7350761778388835,0.24440619621342513,0.17418295655204521,0.4506373340824496
leather,rubber,0.13928357014208526,0.2947768661196718,0.08525115069041425,0.6120689655172413,2.0763805978884284,1.0,0.04419357638197087,1.8179085228915124,0.6022805046975646,0.24440619621342513,0.4499173157462131,0.4506373340824496
rubber,"leather, all-season",0.2947768661196718,0.12247348409045428,0.0748449069441665,0.25390359809911744,2.0731311759824997,1.0,0.0387425571212249,1.1761570135894095,0.7340057785574244,0.21858562244301577,0.14977338191591558,0.43250735460511425
"leather, all-season",rubber,0.12247348409045428,0.2947768661196718,0.0748449069441665,0.611111111111111,2.0731311759824997,1.0,0.0387425571212249,1.8134309156922723,0.5898828651394216,0.21858562244301577,0.4485590868962037,0.43250735460511425
"button, casual","all-season, regular",0.16850110066039622,0.20852511506904142,0.07244346607964779,0.4299287410926366,2.0617599992705427,1.0,0.03730675467517853,1.3883788606497234,0.6193363517295942,0.23784494086727992,0.27973550423259297,0.38866878513365033
"all-season, regular","button, casual",0.20852511506904142,0.16850110066039622,0.07244346607964779,0.3474088291746641,2.061759999270542,1.0,0.03730675467517853,1.2741497839880398,0.6506555098448709,0.23784494086727992,0.2151629168196863,0.38866878513365033
button,"all-season, regular, casual",0.20812487492495496,0.1713027816690014,0.07244346607964779,0.34807692307692306,2.031939701653487,1.0,0.036791096070490005,1.271157975021001,0.6413377509888762,0.2359843546284224,0.2133157171251834,0.38548705966930263
"all-season, regular, casual",button,0.1713027816690014,0.20812487492495496,0.07244346607964779,0.42289719626168226,2.031939701653487,1.0,0.036791096070490005,1.3721560871745722,0.612840734282295,0.2359843546284224,0.27121993674996875,0.38548705966930263
button,"all-season, regular",0.20812487492495496,0.20852511506904142,0.08665199119471682,0.41634615384615387,1.99662354200502,1.0,0.04325272770226073,1.3560689955983476,0.6303449145286424,0.26258338386901153,0.2625743946319168,0.4159465893990846
"all-season, regular",button,0.20852511506904142,0.20812487492495496,0.08665199119471682,0.41554702495201534,1.99662354200502,1.0,0.04325272770226073,1.3548996392909638,0.6306636730189225,0.26258338386901153,0.26193795392600977,0.4159465893990846
regular,"fall, casual",0.29057434460676407,0.09865919551731038,0.05183109865919552,0.17837465564738292,1.8079881425354412,1.0,0.02316326758232246,1.0970216664785124,0.6299448350224092,0.1536180308422301,0.08844097563720525,0.3518648126107097
"fall, casual",regular,0.09865919551731038,0.29057434460676407,0.05183109865919552,0.5253549695740365,1.807988142535441,1.0,0.02316326758232246,1.4946446500378858,0.4958158170857994,0.1536180308422301,0.33094464963651915,0.3518648126107097
"regular, casual",fall,0.24134480688413049,0.13087852711626977,0.05183109865919552,0.21475953565505804,1.640907338942393,1.0,0.020244245807039957,1.106822065784349,0.5148334451948274,0.16177389131792627,0.0965124106995913,0.30539200024343116
fall,"regular, casual",0.13087852711626977,0.24134480688413049,0.05183109865919552,0.39602446483180426,1.640907338942393,1.0,0.020244245807039957,1.2561025222728575,0.4493975571571703,0.16177389131792627,0.20388663961079553,0.30539200024343116
"pull-on, casual","all-season, regular",0.18951370822493496,0.20852511506904142,0.06223734240544326,0.32840549102428723,1.574896582196126,1.0,0.02271897459067796,1.1785011258327325,0.4503933944662777,0.18533969010727055,0.15146453568858745,0.3134349911935256
"all-season, regular","pull-on, casual",0.20852511506904142,0.18951370822493496,0.06223734240544326,0.29846449136276393,1.574896582196126,1.0,0.02271897459067796,1.1553033051020762,0.4612119462929013,0.18533969010727055,0.13442643539252624,0.3134349911935256
regular,fall,0.29057434460676407,0.13087852711626977,0.05903542125275165,0.20316804407713498,1.552340544730036,1.0,0.021005479012842963,1.0907211569811377,0.5015486122731945,0.16289342904472667,0.08317538942054882,0.32711919023428615
fall,regular,0.13087852711626977,0.29057434460676407,0.05903542125275165,0.4510703363914373,1.5523405447300358,1.0,0.021005479012842963,1.2923798847553654,0.4093920862326674,0.16289342904472667,0.2262337012547284,0.32711919023428615
"cotton, button, regular",casual,0.04822893736241745,0.652791675005003,0.04742845707424455,0.9834024896265561,1.5064568487626917,1.0,0.015945008269720687,20.91930158094864,0.3532264818501523,0.07256582976117576,0.9521972568668016,0.5280286513123583
casual,"cotton, button, regular",0.652791675005003,0.04822893736241745,0.04742845707424455,0.07265481299816064,1.5064568487626917,1.0,0.015945008269720687,1.0263395723384445,0.9682680966451439,0.07256582976117576,0.025663603984821006,0.5280286513123583
"pull-on, all-season, casual",regular,0.14528717230338203,0.29057434460676407,0.06223734240544326,0.42837465564738286,1.4742342660261516,1.0,0.020020617533618022,1.2410675320855162,0.3763623811527831,0.1665773968934119,0.1942420745472418,0.32128099173553715
regular,"pull-on, all-season, casual",0.29057434460676407,0.14528717230338203,0.06223734240544326,0.21418732782369143,1.4742342660261516,1.0,0.020020617533618022,1.0876801277962218,0.45343969813922047,0.1665773968934119,0.08061205271247625,0.32128099173553715
casual,"cotton, all-season, regular",0.652791675005003,0.06123674204522714,0.05823494096457875,0.08920907418761496,1.456790012142196,1.0,0.01826010555302563,1.0307121331028168,0.9030868415579786,0.08880073237717424,0.029797003563315275,0.5200947331722389
"cotton, all-season, regular",casual,0.06123674204522714,0.652791675005003,0.05823494096457875,0.9509803921568627,1.456790012142196,1.0,0.01826010555302563,7.083049829897932,0.33401314647262687,0.08880073237717424,0.8588178787365088,0.5200947331722389
casual,"cotton, regular",0.652791675005003,0.08445067040224134,0.08004802881729037,0.1226241569589209,1.4520211192505397,1.0,0.02491933423011581,1.043508704803595,0.896593659942363,0.12180267965895249,0.04169462564453065,0.5352457277685599
"cotton, regular",casual,0.08445067040224134,0.652791675005003,0.08004802881729037,0.947867298578199,1.4520211192505397,1.0,0.02491933423011581,6.660086961267657,0.3400196721311475,0.12180267965895249,0.8498518103719079,0.5352457277685599
casual,"cotton, button",0.652791675005003,0.07064238543125875,0.06603962377426456,0.10116492949110975,1.432071254014378,1.0,0.019924862662244136,1.033957891788279,0.868961662736879,0.1004566210045662,0.032842625466639845,0.5180045610628353
"cotton, button",casual,0.07064238543125875,0.652791675005003,0.06603962377426456,0.934844192634561,1.432071254014378,1.0,0.019924862662244136,5.328892987966698,0.3246443765823611,0.1004566210045662,0.8123437640316433,0.5180045610628353
"pull-on, casual",regular,0.18951370822493496,0.29057434460676407,0.07824694816890133,0.41288278775079196,1.4209196214812034,1.0,0.023179126607443347,1.2083203159305653,0.3654971424962899,0.19472111553784857,0.17240487740217417,0.3410832671536329
regular,"pull-on, casual",0.29057434460676407,0.18951370822493496,0.07824694816890133,0.2692837465564738,1.4209196214812034,1.0,0.023179126607443347,1.1091669139089486,0.4175637312016852,0.19472111553784857,0.09842243988708632,0.3410832671536329
"all-season, casual",organic cotton,0.495097058234941,0.06603962377426456,0.04622773664198519,0.09337105901374293,1.4138641875505256,1.0,0.013531713184404541,1.0301462196979356,0.5797519959232208,0.08977846871356394,0.029264020118207286,0.3966855295068714
organic cotton,"all-season, casual",0.06603962377426456,0.495097058234941,0.04622773664198519,0.7,1.4138641875505253,1.0,0.013531713184404541,1.6830098058835299,0.3134163886253023,0.08977846871356394,0.40582639714625435,0.3966855295068714
"all-season, regular, casual",pull-on,0.1713027816690014,0.2579547728637182,0.06223734240544326,0.36331775700934577,1.408455261268969,1.0,0.018048972269092897,1.1654875494103802,0.34994964479586543,0.16957470010905124,0.14198997620703907,0.30229503056053014
pull-on,"all-season, regular, casual",0.2579547728637182,0.1713027816690014,0.06223734240544326,0.24127230411171452,1.408455261268969,1.0,0.018048972269092897,1.09221954440558,0.39081485412612693,0.16957470010905124,0.08443315712297451,0.30229503056053014
"pull-on, regular","all-season, casual",0.08925355213127877,0.495097058234941,0.06223734240544326,0.6973094170403588,1.4084297319929961,1.0,0.0180481713082282,1.6680497187201209,0.318408519098661,0.11920275967803755,0.400497485909898,0.4115083867740193
"all-season, casual","pull-on, regular",0.495097058234941,0.08925355213127877,0.06223734240544326,0.12570735650767986,1.4084297319929961,1.0,0.0180481713082282,1.041695197423586,0.5743468768997251,0.11920275967803755,0.04002629322541777,0.4115083867740193
organic cotton,casual,0.06603962377426456,0.652791675005003,0.06063638182909746,0.9181818181818182,1.4065464578340114,1.0,0.017526265208795078,4.243657305494409,0.30947648010997797,0.09212526603830952,0.7643542048729369,0.5055348085391004
casual,organic cotton,0.652791675005003,0.06603962377426456,0.06063638182909746,0.09288779889638259,1.4065464578340114,1.0,0.017526265208795078,1.0295974137371913,0.8324649756041886,0.09212526603830952,0.02874658904761598,0.5055348085391004
"cotton, button, all-season",casual,0.047828697218330996,0.652791675005003,0.04382629577746648,0.9163179916317993,1.4036912949675355,1.0,0.012604120407005062,4.149139483690219,0.3020387676799085,0.06672760511882998,0.7589861695585597,0.49172735878340423
casual,"cotton, button, all-season",0.652791675005003,0.047828697218330996,0.04382629577746648,0.0671367259350092,1.4036912949675355,1.0,0.012604120407005062,1.0206975976581676,0.8282999749976973,0.06672760511882998,0.02027789396747394,0.49172735878340423
casual,cotton,0.652791675005003,0.1350810486291775,0.12307384430658395,0.1885346413243409,1.3957149669596023,1.0,0.03489406031051091,1.0658729200497254,0.8165741196316865,0.18512944009632754,0.06180185161909567,0.5498228762177261
cotton,casual,0.1350810486291775,0.652791675005003,0.12307384430658395,0.9111111111111112,1.3957149669596023,1.0,0.03489406031051091,3.90609365619372,0.3278010406203091,0.18512944009632754,0.7439897534422033,0.5498228762177261
"all-season, casual","cotton, regular",0.495097058234941,0.08445067040224134,0.05823494096457875,0.11762328213419564,1.3928045991103688,1.0,0.01642366248246046,1.0375946135707077,0.5585711114107599,0.11170825335892515,0.036232467939797945,0.40359837092491774
"cotton, regular","all-season, casual",0.08445067040224134,0.495097058234941,0.05823494096457875,0.6895734597156399,1.3928045991103688,1.0,0.01642366248246046,1.626481232250801,0.3080382325878354,0.11170825335892515,0.38517581379272786,0.40359837092491774
"cotton, all-season",casual,0.10106063638182909,0.652791675005003,0.09165499299579748,0.906930693069307,1.3893110586349868,1.0,0.025683450895031712,3.7306426409036924,0.3117215661418455,0.13841039588999698,0.7319496675892374,0.5236676763936357
casual,"cotton, all-season",0.652791675005003,0.10106063638182909,0.09165499299579748,0.14040465971796443,1.3893110586349866,1.0,0.025683450895031712,1.0457704008995983,0.8070624064029799,0.13841039588999698,0.04376716042089676,0.5236676763936357
"all-season, organic cotton",casual,0.05123073844306584,0.652791675005003,0.04622773664198519,0.90234375,1.3822844018240343,1.0,0.012784737081993042,3.5554132479487692,0.29149329191514384,0.07027684818983876,0.7187387427953891,0.4865796003218884
casual,"all-season, organic cotton",0.652791675005003,0.05123073844306584,0.04622773664198519,0.07081545064377683,1.3822844018240343,1.0,0.012784737081993042,1.021077311513929,0.7965243210199983,0.07027684818983876,0.0206422288266089,0.4865796003218884
cotton,"all-season, casual",0.1350810486291775,0.495097058234941,0.09165499299579748,0.6785185185185185,1.3704757627473876,1.0,0.024776763196200688,1.570550625306059,0.31254534028197356,0.17019695280564845,0.36328063299129487,0.43182191083565374
"all-season, casual",cotton,0.495097058234941,0.1350810486291775,0.09165499299579748,0.185125303152789,1.3704757627473876,1.0,0.024776763196200688,1.061413435362805,0.5354026796269085,0.17019695280564845,0.057860050868691955,0.43182191083565374
casual,"button, fall",0.652791675005003,0.058635181108665196,0.05163097858715229,0.07909258123850399,1.3488929298594008,1.0,0.013354420497005033,1.0222143938826678,0.7449456023948353,0.07825295723384895,0.021731638700851284,0.4798193281619142
"button, fall",casual,0.058635181108665196,0.652791675005003,0.05163097858715229,0.8805460750853243,1.3488929298594008,1.0,0.013354420497005033,2.9066296921009775,0.27476203659758486,0.07825295723384895,0.6559589263408447,0.4798193281619142
"pull-on, all-season, regular",casual,0.07084250550330198,0.652791675005003,0.06223734240544326,0.8785310734463276,1.3458061845528202,1.0,0.015991944576391616,2.8584127220518347,0.2765418743979284,0.0940998487140696,0.6501554893436883,0.4869356777409443
casual,"pull-on, all-season, regular",0.652791675005003,0.07084250550330198,0.06223734240544326,0.095340282035561,1.34580618455282,1.0,0.015991944576391616,1.027079548305059,0.7400483705069634,0.0940998487140696,0.026365580299741176,0.4869356777409443
"fall, regular",casual,0.05903542125275165,0.652791675005003,0.05183109865919552,0.8779661016949153,1.3449407143376737,1.0,0.013293267134985812,2.845179329820115,0.27256371641739563,0.07853244390539721,0.6485283055731941,0.4786826216629083
casual,"fall, regular",0.652791675005003,0.05903542125275165,0.05183109865919552,0.07939914163090128,1.3449407143376735,1.0,0.013293267134985812,1.0221200319259154,0.738671236077576,0.07853244390539721,0.02164132512326961,0.4786826216629083
"pull-on, regular",casual,0.08925355213127877,0.652791675005003,0.07824694816890133,0.8766816143497758,1.3429730309337307,1.0,0.01998297237297751,2.8155438717776113,0.2804110953945648,0.11787760024118178,0.6448288339514867,0.49827336388856047
casual,"pull-on, regular",0.652791675005003,0.08925355213127877,0.07824694816890133,0.11986511342734517,1.3429730309337304,1.0,0.01998297237297751,1.0347805339421,0.7355336571415935,0.11787760024118178,0.03361150775575562,0.49827336388856047
spring,casual,0.05223133880328197,0.652791675005003,0.045627376425855515,0.8735632183908046,1.3381960154196355,1.0,0.011531193280707265,2.7461022067786134,0.2666529605263157,0.06919575113808801,0.6358474941203751,0.4717294939286948
casual,spring,0.652791675005003,0.05223133880328197,0.045627376425855515,0.06989576946658492,1.3381960154196353,1.0,0.011531193280707265,1.0189918829346387,0.7278780524799028,0.06919575113808801,0.01863791385652974,0.4717294939286948
pull-on,"all-season, regular",0.2579547728637182,0.20852511506904142,0.07084250550330198,0.27463149728471686,1.317018802237745,1.0,0.0170524568092867,1.0911348948406476,0.3243864236130158,0.17905918057663125,0.08352303209398994,0.3071813916366003
"all-season, regular",pull-on,0.20852511506904142,0.2579547728637182,0.07084250550330198,0.3397312859884837,1.317018802237745,1.0,0.0170524568092867,1.12385338179652,0.3041276507603193,0.17905918057663125,0.11020421685125485,0.3071813916366003
casual,summer,0.652791675005003,0.07084250550330198,0.06063638182909746,0.09288779889638259,1.3111873759469599,1.0,0.014390984000045813,1.02430271951613,0.683544953919023,0.09145789314820406,0.023726110507263358,0.47441000114310655
summer,casual,0.07084250550330198,0.652791675005003,0.06063638182909746,0.8559322033898306,1.3111873759469599,1.0,0.014390984000045813,2.410034255847627,0.2554276319296801,0.09145789314820406,0.5850681385239097,0.47441000114310655
"button, regular",casual,0.13327996798078848,0.652791675005003,0.11386832099259556,0.8543543543543544,1.308770296967722,1.0,0.026864267449803483,2.3839252004811136,0.2722032155478609,0.16939565346829413,0.5805237514171232,0.5143936088142097
casual,"button, regular",0.652791675005003,0.13327996798078848,0.11386832099259556,0.174432863274065,1.3087702969677217,1.0,0.026864267449803483,1.0498480298725095,0.6794882573704817,0.16939565346829413,0.047481186280420855,0.5143936088142097
"pull-on, all-season","regular, casual",0.19731839103462076,0.24134480688413049,0.06223734240544326,0.3154158215010142,1.3069095025212007,1.0,0.014615573426505372,1.108198548758885,0.29256441890909324,0.16533758639021795,0.09763462412043472,0.2866465508831771
"regular, casual","pull-on, all-season",0.24134480688413049,0.19731839103462076,0.06223734240544326,0.25787728026533996,1.3069095025212007,1.0,0.014615573426505372,1.0816022574438517,0.30954257036253574,0.16533758639021795,0.07544571665068657,0.2866465508831771
"button, all-season, regular",casual,0.08665199119471682,0.652791675005003,0.07244346607964779,0.836027713625866,1.2806960407689922,1.0,0.015877767605129822,2.1174817566596293,0.2399683325182428,0.10861086108610861,0.527740913538013,0.47350128783684475
casual,"button, all-season, regular",0.652791675005003,0.08665199119471682,0.07244346607964779,0.11097486204782342,1.2806960407689922,1.0,0.015877767605129822,1.027359036111322,0.6312481092871816,0.10861086108610861,0.026630452597058207,0.47350128783684475
regular,casual,0.29057434460676407,0.652791675005003,0.24134480688413049,0.8305785123966942,1.2723485059614594,1.0,0.051660293754799996,2.0493759670436407,0.301725505055821,0.3437856328392247,0.5120465858480006,0.6001451728139204
casual,regular,0.652791675005003,0.29057434460676407,0.24134480688413049,0.36971183323114654,1.2723485059614594,1.0,0.051660293754799996,1.125557630298023,0.6164938993791846,0.3437856328392247,0.11155148960678117,0.6001451728139204
"all-season, regular",casual,0.20852511506904142,0.652791675005003,0.1713027816690014,0.8214971209213052,1.2584368832752184,1.0,0.03517932252247086,1.9451133045418654,0.2594692628519442,0.2482598607888631,0.48589113155260066,0.541956408406698
casual,"all-season, regular",0.652791675005003,0.20852511506904142,0.1713027816690014,0.26241569589209074,1.2584368832752182,1.0,0.03517932252247086,1.0730636220468772,0.5914702792965068,0.2482598607888631,0.06808880717390074,0.541956408406698
pull-on,"regular, casual",0.2579547728637182,0.24134480688413049,0.07824694816890133,0.30333591931730025,1.256857038829643,1.0,0.01599090332726752,1.088982788336699,0.27540715174489655,0.18583650190114068,0.0817118408938405,0.3137740956453831
"regular, casual",pull-on,0.24134480688413049,0.2579547728637182,0.07824694816890133,0.32421227197346597,1.2568570388296427,1.0,0.01599090332726752,1.0980448391734428,0.2693773987523283,0.18583650190114068,0.08929037838495403,0.3137740956453831
"cotton, button","all-season, casual",0.07064238543125875,0.495097058234941,0.04382629577746648,0.6203966005665723,1.2530807651702351,1.0,0.00885145856375142,1.33008013763482,0.21731875764476383,0.0839723926380368,0.24816560167703597,0.35445860747811236
"all-season, casual","cotton, button",0.495097058234941,0.07064238543125875,0.04382629577746648,0.08852061438965238,1.253080765170235,1.0,0.00885145856375142,1.0196145181565703,0.4000112209680077,0.0839723926380368,0.019237189945110453,0.35445860747811236
pull-on,"rubber, casual",0.2579547728637182,0.1634980988593156,0.052431458875325195,0.20325833979829327,1.2431847294639797,1.0,0.010256343920420692,1.0499035545962436,0.26361508436473224,0.1420824295010846,0.04753156075886877,0.2619718871574086
"rubber, casual",pull-on,0.1634980988593156,0.2579547728637182,0.052431458875325195,0.32068543451652387,1.2431847294639797,1.0,0.010256343920420692,1.0923440550816979,0.2338480222068008,0.1420824295010846,0.08453751787461432,0.2619718871574086
"pull-on, all-season","rubber, casual",0.19731839103462076,0.1634980988593156,0.040024014408645184,0.2028397565922921,1.2406245577621584,1.0,0.007762832604505665,1.0493522576650318,0.24163300922463213,0.12476606363069245,0.04703116356260371,0.22381889910397956
"rubber, casual","pull-on, all-season",0.1634980988593156,0.19731839103462076,0.040024014408645184,0.24479804161566704,1.2406245577621584,1.0,0.007762832604505665,1.0628701369930547,0.23186363636363624,0.12476606363069245,0.05915128744789037,0.22381889910397956
casual,button,0.652791675005003,0.20812487492495496,0.16850110066039622,0.2581238503985285,1.2402354619629297,1.0,0.032638914947928116,1.0673953132209906,0.5578826315825499,0.24335260115606933,0.06313997483989053,0.5338696175069566
button,casual,0.20812487492495496,0.652791675005003,0.16850110066039622,0.8096153846153846,1.2402354619629297,1.0,0.032638914947928116,1.8237204949232166,0.24461116143435027,0.24335260115606933,0.4516703613389492,0.5338696175069566
regular,"pull-on, all-season",0.29057434460676407,0.19731839103462076,0.07084250550330198,0.24380165289256198,1.2355749082192011,1.0,0.013506843349555868,1.0614696686864578,0.2687528388037581,0.16986564299424184,0.057909962479215225,0.3014140110304595
"pull-on, all-season",regular,0.19731839103462076,0.29057434460676407,0.07084250550330198,0.359026369168357,1.2355749082192011,1.0,0.013506843349555868,1.1067938231293206,0.23752899864356083,0.16986564299424184,0.09648935591940196,0.3014140110304595
pull-on,"rubber, all-season, casual",0.2579547728637182,0.12787672603562136,0.040024014408645184,0.15515903801396433,1.2133485335771201,1.0,0.007037602589570556,1.0322928375942002,0.23695927723840357,0.11574074074074074,0.03128263261949973,0.23407404169868795
"rubber, all-season, casual",pull-on,0.12787672603562136,0.2579547728637182,0.040024014408645184,0.3129890453834116,1.2133485335771201,1.0,0.007037602589570556,1.0801068340320823,0.20161656723267568,0.11574074074074074,0.07416565797759112,0.23407404169868795
"button, all-season",casual,0.13988393035821492,0.652791675005003,0.10926555933560136,0.7811158798283263,1.1965775755677948,1.0,0.01795049413077905,1.5862654847810655,0.19100118122919427,0.15988286969253296,0.3695885023067127,0.47424892703862664
casual,"button, all-season",0.652791675005003,0.13988393035821492,0.10926555933560136,0.16738197424892703,1.1965775755677945,1.0,0.01795049413077905,1.033026001167711,0.4731545111948571,0.15988286969253296,0.031970154798019644,0.47424892703862664
pull-on,regular,0.2579547728637182,0.29057434460676407,0.08925355213127877,0.34600465477114045,1.1907611982723063,1.0,0.014298513068217153,1.084756429183726,0.2158912253713942,0.19433551198257082,0.07813406484947498,0.3265835946032011
regular,pull-on,0.29057434460676407,0.2579547728637182,0.08925355213127877,0.3071625344352617,1.1907611982723063,1.0,0.014298513068217153,1.0710235286301006,0.22581795872415514,0.19433551198257082,0.06631369594741177,0.3265835946032011
"all-season, casual",regular,0.495097058234941,0.29057434460676407,0.1713027816690014,0.34599838318512527,1.190739614859553,1.0,0.027440278455646505,1.0847460268497313,0.3172606413518987,0.27882736156351784,0.07812522447844032,0.46776503181294826
regular,"all-season, casual",0.29057434460676407,0.495097058234941,0.1713027816690014,0.5895316804407713,1.190739614859553,1.0,0.027440278455646505,1.2300655561121907,0.2257965015883894,0.27882736156351784,0.18703519903390176,0.46776503181294826
fall,casual,0.13087852711626977,0.652791675005003,0.09865919551731038,0.7538226299694188,1.154767529723233,1.0,0.013222782578892936,1.4103990344517263,0.1542072552460208,0.14402570844288634,0.29098079651711006,0.45247845171064444
casual,fall,0.652791675005003,0.13087852711626977,0.09865919551731038,0.15113427345187,1.154767529723233,1.0,0.013222782578892936,1.0238621323751276,0.38600697955819496,0.14402570844288634,0.023306001482614407,0.45247845171064444
rubber,pull-on,0.2947768661196718,0.2579547728637182,0.08745247148288973,0.296673455532926,1.1500987255997142,1.0,0.011413371937511116,1.0550507910924163,0.185061182294927,0.1879569892473118,0.05217833260464708,0.31784797679671906
pull-on,rubber,0.2579547728637182,0.2947768661196718,0.08745247148288973,0.33902249806051205,1.150098725599714,1.0,0.011413371937511116,1.0669396943330318,0.17587799525548073,0.1879569892473118,0.06273990431565797,0.31784797679671906
rubber,"pull-on, all-season",0.2947768661196718,0.19731839103462076,0.06663998399039424,0.22606924643584522,1.1457079355374429,1.0,0.008475087053432785,1.0371491315842136,0.18033612500127832,0.15663217309501412,0.035818505220622944,0.2818987205810058
"pull-on, all-season",rubber,0.19731839103462076,0.2947768661196718,0.06663998399039424,0.3377281947261664,1.1457079355374429,1.0,0.008475087053432785,1.0648545329341557,0.1584404149849177,0.15663217309501412,0.060904593940594054,0.2818987205810058
"leather, formal",all-season,0.05763458074844907,0.7840704422653593,0.05143085851510906,0.892361111111111,1.1381134436503884,1.0,0.006241287297894041,2.0060552460508547,0.12877485203017972,0.06507976702962774,0.5015092420965911,0.4789779011400374
all-season,"leather, formal",0.7840704422653593,0.05763458074844907,0.05143085851510906,0.06559469116896374,1.1381134436503881,1.0,0.006241287297894041,1.008518905388576,0.5620025748008494,0.06507976702962774,0.008446946649248633,0.4789779011400374
"all-season, casual",pull-on,0.495097058234941,0.2579547728637182,0.14528717230338203,0.29345189975747776,1.1376098860264674,1.0,0.017574523100892775,1.0502402127775523,0.23957879519440461,0.23905169575238727,0.0478368778554791,0.42833960387408415
pull-on,"all-season, casual",0.2579547728637182,0.495097058234941,0.14528717230338203,0.5632273079906905,1.1376098860264674,1.0,0.017574523100892775,1.1559855984638743,0.16301437440007624,0.23905169575238727,0.13493731986899743,0.42833960387408415
all-season,"leather, casual",0.7840704422653593,0.054832899739843906,0.048629177506503904,0.062021439509954056,1.1310990263913885,1.0,0.00563632155679239,1.007663863624297,0.5367681552420509,0.06153456571283868,0.007605575530645866,0.47444137668928366
"leather, casual",all-season,0.054832899739843906,0.7840704422653593,0.048629177506503904,0.8868613138686132,1.1310990263913885,1.0,0.00563632155679239,1.9085386715900516,0.1226281684323889,0.06153456571283868,0.4760389114007971,0.47444137668928366
casual,"pull-on, all-season",0.652791675005003,0.19731839103462076,0.14528717230338203,0.22256284488044145,1.1279376631516898,1.0,0.01647936931059979,1.0324713755698214,0.3266804804661765,0.20613287904599661,0.03145014606521217,0.4794355806552309
"pull-on, all-season",casual,0.19731839103462076,0.652791675005003,0.14528717230338203,0.7363083164300204,1.1279376631516898,1.0,0.01647936931059979,1.3167208017117966,0.14130905849135283,0.20613287904599661,0.24053755458260043,0.4794355806552309
casual,pull-on,0.652791675005003,0.2579547728637182,0.18951370822493496,0.29031269160024525,1.1254402792291898,1.0,0.021122979971693268,1.045594613787711,0.32101433618677555,0.2627635960044395,0.04360639695966172,0.5124953682981832
pull-on,casual,0.2579547728637182,0.652791675005003,0.18951370822493496,0.7346780449961211,1.1254402792291898,1.0,0.021122979971693268,1.308630207364185,0.15020492807013364,0.2627635960044395,0.23584218492542774,0.5124953682981832
all-season,leather,0.7840704422653593,0.13928357014208526,0.12247348409045428,0.1562021439509954,1.1214685536251783,1.0,0.0132653536488513,1.0200505058025742,0.5016082429264568,0.15292353823088456,0.01965638533436969,0.5177562443892908
leather,all-season,0.13928357014208526,0.7840704422653593,0.12247348409045428,0.8793103448275862,1.121468553625178,1.0,0.0132653536488513,1.78913062122988,0.12583940807199412,0.15292353823088456,0.44106931705602226,0.5177562443892908
all-season,"rubber, leather",0.7840704422653593,0.08525115069041425,0.0748449069441665,0.09545686574783052,1.119713516765045,1.0,0.008001999518702604,1.011282729005349,0.495135622704722,0.0942065491183879,0.01115684929816432,0.48669556902414995
"rubber, leather",all-season,0.08525115069041425,0.7840704422653593,0.0748449069441665,0.8779342723004694,1.1197135167650447,1.0,0.008001999518702604,1.768961376826094,0.11687843730002077,0.0942065491183879,0.4346965326093099,0.48669556902414995
all-season,unknown,0.7840704422653593,0.053832299379627774,0.04722833700220132,0.0602348136804492,1.1189344385174895,1.0,0.005020022219455342,1.0068128872978324,0.49225585523318793,0.05973171349025563,0.006766785947801328,0.4687791168773993
unknown,all-season,0.053832299379627774,0.7840704422653593,0.04722833700220132,0.8773234200743494,1.1189344385174895,1.0,0.005020022219455342,1.7601530615338887,0.11234011586222706,0.05973171349025563,0.43186759046480416,0.4687791168773993
"rubber, all-season",formal,0.239143486091655,0.18391034620772465,0.04902941765059035,0.20502092050209203,1.1147873120228007,1.0,0.005048456330151899,1.0265548802965991,0.13533156555625922,0.13108614232209734,0.02586795972264684,0.23580752227498505
formal,"rubber, all-season",0.18391034620772465,0.239143486091655,0.04902941765059035,0.2665941240478781,1.1147873120228007,1.0,0.005048456330151899,1.0374289855812595,0.12617229334107344,0.13108614232209734,0.03607860017549887,0.23580752227498505
laces,all-season,0.09165499299579748,0.7840704422653593,0.07924754852911747,0.8646288209606987,1.1027438025371648,1.0,0.0073835776350741344,1.5950925393946043,0.10257231936015801,0.09949748743718594,0.3730771254315211,0.4828503982292008
all-season,laces,0.7840704422653593,0.09165499299579748,0.07924754852911747,0.1010719754977029,1.1027438025371648,1.0,0.0073835776350741344,1.0104757914373836,0.4314881905243349,0.09949748743718594,0.010367186949112449,0.4828503982292008
rubber,"formal, all-season",0.2947768661196718,0.15089053432059235,0.04902941765059035,0.16632722335369993,1.1023038927034994,1.0,0.004550378816443358,1.018516484483524,0.13160253885890338,0.1236125126135217,0.01817985743540857,0.24563045517817622
"formal, all-season",rubber,0.15089053432059235,0.2947768661196718,0.04902941765059035,0.3249336870026525,1.1023038927034994,1.0,0.004550378816443358,1.0446723829975784,0.10930175511166051,0.1236125126135217,0.04276209817033333,0.24563045517817622
all-season,"rubber, formal",0.7840704422653593,0.05683410046027616,0.04902941765059035,0.06253190403266973,1.1002532551100375,1.0,0.00446747936694776,1.006077863979482,0.42198180477010044,0.06191559262067222,0.006041146711489633,0.46260398018534893
"rubber, formal",all-season,0.05683410046027616,0.7840704422653593,0.04902941765059035,0.8626760563380281,1.1002532551100372,1.0,0.00446747936694776,1.5724101127343064,0.09660903190047493,0.06191559262067222,0.36403359918547396,0.46260398018534893
